<?xml version="1.0" encoding="UTF-8"?>
<beans xmlns="http://www.springframework.org/schema/beans"
       xmlns:context="http://www.springframework.org/schema/context"
       xmlns:mvc="http://www.springframework.org/schema/mvc"
       xmlns:xsi="http://www.w3.org/2001/XMLSchema-instance"
       xsi:schemaLocation="
         http://www.springframework.org/schema/beans http://www.springframework.org/schema/beans/spring-beans.xsd
         http://www.springframework.org/schema/context http://www.springframework.org/schema/context/spring-context.xsd
         http://www.springframework.org/schema/mvc http://www.springframework.org/schema/mvc/spring-mvc.xsd">

    <context:component-scan base-package="com.corsospring"/>
    <mvc:annotation-driven/>
    <bean class="org.springframework.web.servlet.view.InternalResourceViewResolver">
        <property name="prefix" value="/WEB-INF/views/"/>
        <property name="suffix" value=".jsp"/>
    </bean>
    <!-- Questo bean carica il messages.properties (value="messages" deve essere il prefisso)  -->
    <!-- Se ho due file che usano messages pare che prenda uno dei due. Serve disambiguare con default  -->
    <bean id="messageSource"
    	class="org.springframework.context.support.ResourceBundleMessageSource">
    	<property name="basename" value="messages"/>
    	<property name="defaultEncoding" value="UTF-8"/>
    </bean>
    
   
    <!-- questi due bean per fare il cambio di lingua -->
     <mvc:interceptors>
    <bean id="interceptor1" class="org.springframework.web.servlet.i18n.LocaleChangeInterceptor">
    	<property name="paramName" value="lang"/>
    </bean>
    </mvc:interceptors>
    
    <bean id="localeResolver" class="org.springframework.web.servlet.i18n.SessionLocaleResolver">
    	<property name="defaultLocale" value="it"/>
    </bean>
    
</beans>