<?xml version="1.0" encoding="UTF-8"?>
<Configuration status="WARN">
    <Appenders>
        <!-- Console output -->
        <Console name="Console" target="SYSTEM_OUT">
            <PatternLayout pattern="[%d{HH:mm:ss}] [%-5p] %c - %m%n"/>
        </Console>

        <!-- File output -->
        <!-- se non viene specificato un path assoluto, prende la cartella di eclipse (no workspace o altro) -->
        <RollingFile name="FileLogger" fileName="${sys:user.dir}/logs/app.log"
                     filePattern="${sys:user.dir}/logs/app-%d{yyyy-MM-dd}-%i.log.gz">
            <PatternLayout pattern="[%d{yyyy-MM-dd HH:mm:ss}] [%-5level] %logger{36} - %msg%n"/>
            <Policies>
                <SizeBasedTriggeringPolicy size="5MB"/>
            </Policies>
        </RollingFile>
    </Appenders>

    <Loggers>
        <!-- Applica a tutta l'applicazione -->
        <!-- debug è livello minimo -->
        <Root level="info">
            <AppenderRef ref="Console"/>
            <AppenderRef ref="FileLogger"/>
        </Root>
    </Loggers>
</Configuration>